205.237.94.255,22225
205.237.94.246,22225
205.237.94.237,22225
205.237.94.215,22225
205.237.94.187,22225
205.237.94.156,22225
205.237.94.135,22225
205.237.94.112,22225
205.237.94.57,22225
205.237.94.42,22225
205.237.95.231,22225
205.237.95.230,22225
205.237.95.167,22225
205.237.95.153,22225
205.237.94.151,22225
205.237.95.60,22225
168.151.196.138,22225
152.39.179.245,22225
199.244.57.150,22225
216.109.167.112,22225
104.200.69.177,22225
216.19.201.111,22225
216.19.202.186,22225
216.19.202.47,22225
216.19.203.110,22225
216.109.167.60,22225
93.115.13.102,22225
168.151.121.35,22225
168.151.123.161,22225
168.151.141.144,22225
168.151.246.194,22225
216.19.201.144,22225
168.151.179.150,22225
168.151.246.168,22225
216.19.221.243,22225
168.151.116.211,22225
185.51.23.208,22225
188.240.48.142,22225
119.13.220.47,22225
119.13.192.161,22225
119.13.213.217,22225
